file_name,event_id
z5293_11894.gif,1
z5293_12058.gif,2
z5293_12254.gif,3
z5293_12545.gif,4
z5293_10110.gif,5
z5293_12806.gif,6
z5293_12955.gif,7
z5293_13404.gif,8
z5293_13653.gif,9
qq5305_30826.gif,10
z5293_13826.gif,11
z5293_14100.gif,12
z5293_14625.gif,13
z5293_15122.gif,14
z5293_15288.gif,15
z5293_15749.gif,16
z5293_16581.gif,17
z5293_17033.gif,18
z5293_17262.gif,19
z5293_17822.gif,20
z5293_18330.gif,21
z5293_10745.gif,22
z5293_18531.gif,23
z5293_18705.gif,24
z5293_19124.gif,25
e5293_10479.gif,26
z5293_19510.gif,27
z5293_19757.gif,28
z5293_10238.gif,29
z5293_20060.gif,30
z5293_20246.gif,31
z5293_20640.gif,32
z5293_20942.gif,33
z5293_21767.gif,34
z5293_21964.gif,35
z5293_22479.gif,36
z5293_22635.gif,37
z5293_22734.gif,38
z5293_23046.gif,39
z5293_23147.gif,40
z5293_23573.gif,41
z5293_23798.gif,42
z5293_23945.gif,43
e5293_22020.gif,44
z5293_10970.gif,45
z5293_26596.gif,46
z5293_26691.gif,47
z5293_10331.gif,48
z5293_27270.gif,49
z5293_29994.gif,50
z5293_3008.gif,51
z5293_30201.gif,52
z5293_31605.gif,53
z5293_31820.gif,54
z5293_32351.gif,55
z5293_32475.gif,56
z5293_327.gif,57
z5293_32857.gif,58
z5293_10446.gif,59
z5293_33436.gif,60
z5293_34034.gif,61
z5293_34932.gif,62
z5293_35483.gif,63
z5293_36948.gif,64
z5293_37564.gif,65
e5293_18919.gif,66
z5293_37730.gif,67
z5293_37907.gif,68
z5293_38085.gif,69
z5293_39479.gif,70
z5293_39777.gif,71
z5293_40583.gif,72
z5293_41190.gif,73
z5293_41609.gif,74
z5293_42105.gif,75
z5293_42679.gif,76
z5293_11258.gif,77
z5293_43892.gif,78
z5293_44071.gif,79
z5293_46109.gif,80
z5293_46226.gif,81
z5293_46334.gif,82
z5293_46537.gif,83
z5293_46921.gif,84
z5293_47583.gif,85
z5293_48425.gif,86
z5293_48736.gif,87
z5293_48905.gif,88
z5293_10847.gif,89
z5293_50628.gif,90
z5293_50868.gif,91
e5293_10717.gif,92
z5293_53039.gif,93
z5293_53591.gif,94
z5293_53810.gif,95
z5293_54276.gif,96
z5293_54644.gif,97
z5293_54807.gif,98
z5293_12127.gif,99
z5303_928.gif,100
z5293_55023.gif,101
z5293_55670.gif,102
z5293_56393.gif,103
z5293_56530.gif,104
z5293_57420.gif,105
z5293_12358.gif,106
z5293_57622.gif,107
z5293_57932.gif,108
z5293_58254.gif,109
z5293_58669.gif,110
z5305_29384.gif,111
qq5305_31247.gif,112
z5293_590.gif,113
z5293_59259.gif,114
z5293_59510.gif,115
z5293_59966.gif,116
z5305_9885.gif,117
z5293_61319.gif,118
qq5305_31666.gif,119
z5293_61966.gif,120
z5293_64252.gif,121
z5293_6445.gif,122
z5293_64517.gif,123
z5293_66148.gif,124
z5293_67017.gif,125
z5293_68047.gif,126
z5293_68475.gif,127
z5293_13380.gif,128
z5293_68934.gif,129
z5293_69179.gif,130
z5293_69544.gif,131
z5293_70817.gif,132
z5293_71896.gif,133
z5293_72010.gif,134
z5293_73948.gif,135
z5293_75832.gif,136
z5293_76081.gif,137
z5293_76791.gif,138
z5293_13504.gif,139
z5293_77025.gif,140
z5293_77299.gif,141
z5293_77992.gif,142
z5293_78150.gif,143
z5293_78339.gif,144
z5293_78519.gif,145
z5293_9566.gif,146
z5293_9693.gif,147
z5294_10450.gif,148
z5293_1584.gif,149
z5294_10582.gif,150
z5294_11282.gif,151
z5294_11443.gif,152
z5294_11909.gif,153
z5294_13347.gif,154
z5305_24287.gif,155
qq5305_31803.gif,156
z5294_1924.gif,157
z5294_2373.gif,158
z5294_2924.gif,159
e5293_11458.gif,160
z5294_4211.gif,161
z5294_4706.gif,162
z5294_5111.gif,163
z5294_6876.gif,164
z5294_7748.gif,165
z5299_22778.gif,166
z5294_8379.gif,167
z5294_9103.gif,168
z5294_9768.gif,169
z5295_10730.gif,170
z5295_1176.gif,171
z5295_12839.gif,172
z5295_1998.gif,173
z5295_2463.gif,174
z5295_316.gif,175
z5293_14476.gif,176
z5295_4524.gif,177
z5295_4759.gif,178
z5295_541.gif,179
z5295_6290.gif,180
z5295_6884.gif,181
z5295_7223.gif,182
z5295_7663.gif,183
e5293_1907.gif,184
z5295_990.gif,185
z5293_16457.gif,186
z5297_100012.gif,187
z5297_100324.gif,188
z5297_100826.gif,189
z5293_14612.gif,190
z5297_101061.gif,191
z5297_101539.gif,192
z5297_101683.gif,193
z5297_101810.gif,194
z5297_102000.gif,195
z5297_102567.gif,196
z5297_103977.gif,197
z5297_104352.gif,198
z5297_104696.gif,199
z5293_19282.gif,200
z5297_10476.gif,201
z5297_104854.gif,202
z5297_105011.gif,203
z5297_105309.gif,204
z5297_105693.gif,205
z5297_106149.gif,206
qq5305_32047.gif,207
z5297_106538.gif,208
z5297_106859.gif,209
z5297_107174.gif,210
z5297_107643.gif,211
z5293_15219.gif,212
z5297_107863.gif,213
z5297_108790.gif,214
z5297_109396.gif,215
z5297_109604.gif,216
z5297_109722.gif,217
z5297_110630.gif,218
z5297_110858.gif,219
z5297_111256.gif,220
z5297_11171.gif,221
z5297_111746.gif,222
z5293_15907.gif,223
z5297_112124.gif,224
z5297_112357.gif,225
z5297_112720.gif,226
z5297_113050.gif,227
z5297_113624.gif,228
z5297_113934.gif,229
z5297_114237.gif,230
z5297_114342.gif,231
z5297_114513.gif,232
z5297_11493.gif,233
e5293_11885.gif,234
z5297_115473.gif,235
z5297_115745.gif,236
z5297_115927.gif,237
z5297_11600.gif,238
z5297_116110.gif,239
z5297_118221.gif,240
z5297_118534.gif,241
z5297_118862.gif,242
z5297_118997.gif,243
z5293_17372.gif,244
z5297_119366.gif,245
z5297_12039.gif,246
z5297_120464.gif,247
z5297_120538.gif,248
z5297_120720.gif,249
z5297_120949.gif,250
z5297_121597.gif,251
z5297_121785.gif,252
z5297_122303.gif,253
z5297_122440.gif,254
qq5305_32184.gif,255
z5297_122520.gif,256
z5297_122860.gif,257
z5297_123407.gif,258
z5297_123582.gif,259
z5293_18072.gif,260
z5297_12370.gif,261
z5297_123936.gif,262
z5297_124534.gif,263
z5297_124952.gif,264
z5297_125277.gif,265
z5293_24598.gif,266
z5297_125460.gif,267
z5297_125626.gif,268
z5297_125941.gif,269
z5297_127053.gif,270
z5297_127232.gif,271
z5297_127429.gif,272
z5297_127630.gif,273
z5297_127725.gif,274
z5297_128075.gif,275
z5297_128337.gif,276
z5305_27129.gif,277
z5297_129224.gif,278
z5297_129581.gif,279
z5297_130131.gif,280
z5297_130344.gif,281
z5297_130453.gif,282
z5293_18087.gif,283
z5297_130610.gif,284
z5297_131104.gif,285
z5297_132276.gif,286
e5293_12478.gif,287
z5297_132609.gif,288
z5297_132961.gif,289
z5297_133642.gif,290
z5297_133810.gif,291
z5297_133968.gif,292
z5293_18545.gif,293
z5297_134496.gif,294
z5297_134863.gif,295
z5297_135056.gif,296
z5297_135207.gif,297
z5297_135323.gif,298
z5297_135730.gif,299
z5297_229443.gif,300
z5297_136407.gif,301
z5297_136781.gif,302
z5297_137127.gif,303
z5297_13758.gif,304
z5297_137785.gif,305
z5297_138488.gif,306
z5297_138756.gif,307
z5297_138851.gif,308
z5297_139056.gif,309
z5297_140016.gif,310
z5297_141561.gif,311
z5297_141818.gif,312
z5293_17667.gif,313
z5297_142151.gif,314
z5297_142495.gif,315
z5297_14327.gif,316
z5297_143360.gif,317
z5297_143825.gif,318
z5297_143927.gif,319
z5293_18632.gif,320
z5297_144372.gif,321
z5297_14500.gif,322
z5297_145472.gif,323
z5297_145730.gif,324
z5297_145960.gif,325
z5297_146123.gif,326
z5297_146426.gif,327
z5293_17905.gif,328
z5297_147673.gif,329
z5297_148013.gif,330
z5299_18159.gif,331
z5297_149174.gif,332
z5297_150460.gif,333
z5293_19109.gif,334
e5293_1407.gif,335
z5297_151725.gif,336
z5297_151821.gif,337
z5297_152013.gif,338
z5297_152290.gif,339
z5297_153254.gif,340
z5297_153631.gif,341
z5297_154019.gif,342
z5297_154353.gif,343
z5297_154503.gif,344
z5297_15491.gif,345
z5297_154962.gif,346
z5297_155233.gif,347
z5297_155714.gif,348
z5297_1591.gif,349
z5293_1795.gif,350
z5297_159747.gif,351
z5297_160041.gif,352
z5297_160828.gif,353
z5297_16094.gif,354
z5297_161340.gif,355
z5297_161925.gif,356
z5297_162511.gif,357
z5297_162828.gif,358
z5297_163592.gif,359
z5293_19522.gif,360
z5297_164175.gif,361
z5297_164362.gif,362
z5297_164582.gif,363
z5297_165079.gif,364
z5297_165246.gif,365
z5305_9885.gif,366
e5293_14142.gif,367
z5297_16649.gif,368
z5297_166810.gif,369
z5293_19282.gif,370
z5297_168003.gif,371
z5297_170463.gif,372
z5297_170823.gif,373
z5297_171582.gif,374
z5293_19664.gif,375
z5297_172090.gif,376
z5297_172210.gif,377
z5297_172299.gif,378
z5297_173331.gif,379
z5297_173776.gif,380
z5297_174112.gif,381
z5297_174483.gif,382
z5297_175289.gif,383
z5297_17559.gif,384
z5297_176442.gif,385
qq5305_32570.gif,386
z5297_17742.gif,387
z5297_178652.gif,388
z5297_179036.gif,389
z5297_179462.gif,390
z5293_19167.gif,391
z5293_52228.gif,392
z5299_27513.gif,393
z5297_18039.gif,394
z5297_180527.gif,395
z5293_20557.gif,396
z5297_180658.gif,397
qq5305_32737.gif,398
z5297_181164.gif,399
z5293_23094.gif,400
z5297_182038.gif,401
z5297_182780.gif,402
z5294_3519.gif,403
z5297_185611.gif,404
z5297_185781.gif,405
z5297_186393.gif,406
z5297_186790.gif,407
z5297_186904.gif,408
z5297_187190.gif,409
z5297_187875.gif,410
z5297_189866.gif,411
z5297_19008.gif,412
z5297_190221.gif,413
z5297_190508.gif,414
z5297_190947.gif,415
z5293_2108.gif,416
z5297_191346.gif,417
z5297_192083.gif,418
e5293_14217.gif,419
z5293_19688.gif,420
z5297_1930.gif,421
z5297_194078.gif,422
z5297_194304.gif,423
z5297_194452.gif,424
z5297_195072.gif,425
z5297_195204.gif,426
z5297_195408.gif,427
z5297_196112.gif,428
z5297_197212.gif,429
z5297_197416.gif,430
z5297_197775.gif,431
z5297_198282.gif,432
z5297_198963.gif,433
z5297_199242.gif,434
z5297_199479.gif,435
z5297_199740.gif,436
z5297_199882.gif,437
z5293_2778.gif,438
z5297_200315.gif,439
z5297_200631.gif,440
z5297_200906.gif,441
z5297_201111.gif,442
z5297_201921.gif,443
z5293_22420.gif,444
z5297_203966.gif,445
z5297_204343.gif,446
z5297_204896.gif,447
z5297_205100.gif,448
z5299_57146.gif,449
e5293_14404.gif,450
z5297_205589.gif,451
z5297_206089.gif,452
z5297_206206.gif,453
z5297_206940.gif,454
z5297_207488.gif,455
z5297_208044.gif,456
z5297_208405.gif,457
z5297_208689.gif,458
z5297_208977.gif,459
z5297_209515.gif,460
z5293_22952.gif,461
z5297_210344.gif,462
z5297_61823.gif,463
z5297_210657.gif,464
z5297_210856.gif,465
z5295_8554.gif,466
z5297_212178.gif,467
z5297_212906.gif,468
z5297_214074.gif,469
z5293_17290.gif,470
z5297_214697.gif,471
z5297_214827.gif,472
z5297_215180.gif,473
z5297_215451.gif,474
z5297_215583.gif,475
z5297_217166.gif,476
z5297_217641.gif,477
z5297_217941.gif,478
z5297_218363.gif,479
z5293_5110.gif,480
z5297_219158.gif,481
z5297_219401.gif,482
z5297_219581.gif,483
z5297_21967.gif,484
z5299_52331.gif,485
z5299_38449.gif,486
z5297_224378.gif,487
z5293_3764.gif,488
z5297_224658.gif,489
z5297_224981.gif,490
z5297_225687.gif,491
z5297_226683.gif,492
z5297_227083.gif,493
z5297_227205.gif,494
z5297_228281.gif,495
z5297_228456.gif,496
z5297_228822.gif,497
z5297_229176.gif,498
e5293_2198.gif,499
z5305_22421.gif,500
z5297_23009.gif,501
z5297_230550.gif,502
z5299_3726.gif,503
z5297_230854.gif,504
z5297_231274.gif,505
z5293_5293.gif,506
z5297_231469.gif,507
z5297_23201.gif,508
z5297_23583.gif,509
z5297_26358.gif,510
z5297_2657.gif,511
z5297_26682.gif,512
z5297_27129.gif,513
z5297_27254.gif,514
z5297_27431.gif,515
z5297_28589.gif,516
z5293_5191.gif,517
z5297_29425.gif,518
z5297_30514.gif,519
z5297_31194.gif,520
z5297_31522.gif,521
z5293_5419.gif,522
z5297_33041.gif,523
z5297_33255.gif,524
z5297_3337.gif,525
z5297_33592.gif,526
z5297_34578.gif,527
e5293_14584.gif,528
z5297_37300.gif,529
z5297_38365.gif,530
z5297_38921.gif,531
z5297_39276.gif,532
z5299_4520.gif,533
z5297_39583.gif,534
z5297_4016.gif,535
z5297_40839.gif,536
z5297_41748.gif,537
z5297_42181.gif,538
z5293_5299.gif,539
z5297_132478.gif,540
z5297_43971.gif,541
z5297_4506.gif,542
z5293_5647.gif,543
z5297_45071.gif,544
z5297_46147.gif,545
z5297_46512.gif,546
z5297_46685.gif,547
z5297_47094.gif,548
z5297_47424.gif,549
z5297_4763.gif,550
z5297_48038.gif,551
z5297_48406.gif,552
z5297_48742.gif,553
z5297_49485.gif,554
z5297_50523.gif,555
z5297_50780.gif,556
z5297_51031.gif,557
z5297_51433.gif,558
z5293_6126.gif,559
z5293_6387.gif,560
z5297_51586.gif,561
z5297_5175.gif,562
z5297_51935.gif,563
z5297_52117.gif,564
z5297_52283.gif,565
z5305_14015.gif,566
z5297_52349.gif,567
z5297_52994.gif,568
z5297_53364.gif,569
z5297_53629.gif,570
e5293_14643.gif,571
z5297_53753.gif,572
z5297_53860.gif,573
z5297_54125.gif,574
z5297_54323.gif,575
z5297_54468.gif,576
z5297_54585.gif,577
qq5305_32906.gif,578
z5297_54717.gif,579
z5297_55214.gif,580
z5297_55315.gif,581
z5297_55613.gif,582
z5297_55760.gif,583
z5297_56711.gif,584
z5297_56818.gif,585
z5293_7278.gif,586
z5297_57055.gif,587
z5297_57270.gif,588
z5297_57466.gif,589
z5297_57636.gif,590
z5305_9693.gif,591
z5297_58090.gif,592
z5297_58183.gif,593
z5297_58364.gif,594
z5297_59129.gif,595
z5297_60028.gif,596
z5297_60471.gif,597
z5297_60811.gif,598
z5297_61124.gif,599
e5293_19419.gif,600
z5305_9508.gif,601
z5297_61649.gif,602
z5293_3267.gif,603
z5297_62030.gif,604
z5297_62430.gif,605
z5297_62646.gif,606
qq5305_33142.gif,607
z5297_62785.gif,608
z5297_62938.gif,609
z5297_63121.gif,610
z5297_63531.gif,611
z5297_63784.gif,612
z5305_17010.gif,613
z5297_64225.gif,614
z5297_65108.gif,615
z5297_65238.gif,616
z5297_65343.gif,617
z5293_7810.gif,618
z5297_65560.gif,619
z5297_6557.gif,620
z5297_65950.gif,621
z5305_22587.gif,622
z5293_8046.gif,622
z5297_66179.gif,623
z5297_66393.gif,624
e5293_15170.gif,625
z5297_66844.gif,626
z5297_66987.gif,627
z5297_67194.gif,628
z5297_67475.gif,629
z5297_67638.gif,630
z5293_7283.gif,631
z5297_68063.gif,632
z5297_68629.gif,633
z5297_69378.gif,634
z5297_70127.gif,635
z5297_70451.gif,636
z5297_70660.gif,637
z5293_8197.gif,638
z5297_70809.gif,639
z5297_70884.gif,640
z5297_71020.gif,641
z5297_71473.gif,642
z5297_71865.gif,643
z5297_72530.gif,644
z5297_72686.gif,645
z5297_72896.gif,646
z5297_73192.gif,647
z5297_73366.gif,648
z5297_74040.gif,649
z5297_74421.gif,650
z5293_8299.gif,651
z5297_74661.gif,652
z5297_74860.gif,653
z5297_74932.gif,654
z5297_75033.gif,655
z5297_75216.gif,656
z5293_8467.gif,657
z5297_75323.gif,658
z5297_76422.gif,659
z5297_76631.gif,660
qq5305_33590.gif,661
z5297_77238.gif,662
z5297_77378.gif,663
z5297_77779.gif,664
z5297_78598.gif,665
z5301_2603.gif,666
z5297_78785.gif,667
z5297_78901.gif,668
z5297_79372.gif,669
z5297_79615.gif,670
z5297_79876.gif,671
z5297_79996.gif,672
z5297_80187.gif,673
z5297_80603.gif,674
z5297_80970.gif,675
z5293_8360.gif,676
z5297_81129.gif,677
z5293_941.gif,678
z5297_81338.gif,679
z5297_81487.gif,680
z5297_81668.gif,681
z5297_81792.gif,682
z5297_81952.gif,683
z5297_82387.gif,684
z5297_82910.gif,685
e5293_16204.gif,686
z5297_83103.gif,687
z5293_9288.gif,688
z5297_83597.gif,689
z5297_83784.gif,690
z5297_83885.gif,691
z5297_84075.gif,692
z5297_84434.gif,693
z5297_85036.gif,694
z5293_9573.gif,695
z5297_85273.gif,696
z5297_85459.gif,697
z5297_85699.gif,698
z5297_85852.gif,699
z5299_53820.gif,700
z5297_86001.gif,701
z5297_86461.gif,702
z5297_86811.gif,703
z5297_87582.gif,704
z5297_87744.gif,705
z5297_8783.gif,706
z5293_9425.gif,707
z5297_87923.gif,708
z5297_88094.gif,709
z5297_88347.gif,710
z5297_88455.gif,711
z5305_17386.gif,712
z5293_995.gif,713
e5293_16237.gif,714
z5297_88696.gif,715
z5297_88774.gif,716
z5297_89330.gif,717
z5297_89648.gif,718
z5297_89774.gif,719
z5297_89942.gif,720
z5297_90084.gif,721
z5297_90359.gif,722
z5297_90522.gif,723
z5297_150840.gif,724
z5297_91120.gif,725
z5297_91326.gif,726
z5297_91463.gif,727
z5297_91747.gif,728
z5297_91875.gif,729
z5293_20706.gif,730
z5297_92157.gif,731
z5297_92326.gif,732
z5297_92770.gif,733
z5297_93416.gif,734
e5293_20994.gif,735
z5297_93732.gif,736
z5297_93834.gif,737
z5297_93983.gif,738
z5297_94183.gif,739
z5297_94316.gif,740
z5297_94431.gif,741
z5297_94542.gif,742
z5293_12884.gif,743
z5297_94701.gif,744
z5297_94816.gif,745
z5297_9504.gif,746
z5297_95176.gif,747
z5305_18173.gif,748
z5293_21557.gif,749
z5297_96181.gif,750
z5297_96283.gif,751
z5297_96374.gif,752
z5297_96885.gif,753
z5297_97087.gif,754
z5297_97237.gif,755
z5297_97434.gif,756
z5297_97688.gif,757
z5297_97836.gif,758
z5297_97995.gif,759
z5297_98176.gif,760
z5297_98311.gif,761
z5293_21992.gif,762
z5305_18593.gif,763
z5305_18903.gif,764
z5297_98786.gif,765
z5297_99265.gif,766
z5297_99473.gif,767
z5297_99686.gif,768
z5297_99849.gif,769
z5299_1188.gif,770
z5293_13865.gif,771
e5293_16425.gif,772
z5299_1732.gif,773
z5299_2106.gif,774
z5293_22305.gif,775
z5299_2247.gif,776
z5299_2499.gif,777
z5299_2628.gif,778
z5299_3342.gif,779
z5293_23351.gif,780
z5299_10235.gif,781
z5299_11335.gif,782
z5299_11468.gif,783
z5299_11721.gif,784
z5297_4570.gif,785
z5299_14914.gif,786
z5299_15097.gif,787
z5299_15546.gif,788
z5299_15787.gif,789
z5299_16685.gif,790
z5299_17805.gif,791
z5305_20083.gif,792
z5297_192199.gif,793
z5297_205284.gif,794
z5297_36427.gif,795
z5293_6391.gif,796
z5297_66687.gif,797
z5297_830.gif,798
z5297_88589.gif,799
z5299_1418.gif,800
z5299_18281.gif,801
z5299_18997.gif,802
z5299_19112.gif,803
z5299_19646.gif,804
z5299_19812.gif,805
z5299_20018.gif,806
z5299_20182.gif,807
z5299_20328.gif,808
z5299_20774.gif,809
z5299_20928.gif,810
z5299_26578.gif,811
z5299_21384.gif,812
z5299_21724.gif,813
z5299_22266.gif,814
z5299_22368.gif,815
z5299_26901.gif,816
z5297_4732.gif,817
z5299_22891.gif,818
z5299_23966.gif,819
z5299_24147.gif,820
z5299_24816.gif,821
z5297_165688.gif,822
z5299_25726.gif,823
z5299_25947.gif,824
z5305_21791.gif,825
e5293_17213.gif,826
z5299_27610.gif,827
z5299_29119.gif,828
z5299_29308.gif,829
z5299_29949.gif,830
z5299_30531.gif,831
z5299_31003.gif,832
z5299_31590.gif,833
z5299_32148.gif,834
z5299_32586.gif,835
z5299_32620.gif,836
z5299_33469.gif,837
z5299_33599.gif,838
z5305_22032.gif,839
z5299_34127.gif,840
z5299_34599.gif,841
z5299_34911.gif,842
z5299_3534.gif,843
z5299_35586.gif,844
z5299_67589.gif,845
z5299_36637.gif,846
z5299_36794.gif,847
z5299_37160.gif,848
z5299_38087.gif,849
z5297_5768.gif,850
z5299_39813.gif,851
z5299_40674.gif,852
z5299_4072.gif,853
z5299_41563.gif,854
z5299_41950.gif,855
z5299_42802.gif,856
z5299_43182.gif,857
z5299_43545.gif,858
z5299_44292.gif,859
z5299_44723.gif,860
z5299_45104.gif,861
z5299_45313.gif,862
z5299_46236.gif,863
z5299_4699.gif,864
z5299_51457.gif,865
z5299_51678.gif,866
z5299_51890.gif,867
qq5305_34092.gif,868
z5299_5240.gif,869
z5299_52726.gif,870
z5299_52977.gif,871
z5299_5317.gif,872
z5297_6148.gif,873
z5299_53616.gif,874
e5293_17937.gif,875
z5299_54090.gif,876
z5299_54203.gif,877
z5299_54460.gif,878
z5299_54563.gif,879
z5299_54686.gif,880
z5299_54776.gif,881
z5299_55256.gif,882
z5299_57417.gif,883
z5299_55852.gif,884
z5299_56226.gif,885
z5299_56658.gif,886
z5293_2124.gif,887
z5299_57273.gif,888
qq5305_34315.gif,889
z5299_57637.gif,890
z5299_58044.gif,891
z5299_58264.gif,892
z5299_58433.gif,893
z5299_59009.gif,894
z5299_60018.gif,895
z5299_60245.gif,896
z5299_60434.gif,897
z5299_60759.gif,898
z5299_61005.gif,899
z5299_61751.gif,900
z5299_61857.gif,901
z5299_63562.gif,902
z5299_63887.gif,903
z5299_64031.gif,904
z5299_64380.gif,905
z5299_64871.gif,906
z5299_65187.gif,907
z5299_65513.gif,908
z5299_6588.gif,909
z5299_66515.gif,910
z5299_66650.gif,911
z5299_66816.gif,912
z5299_67254.gif,913
z5299_67512.gif,914
z5297_6738.gif,915
z5299_67822.gif,916
z5299_6826.gif,917
z5299_68268.gif,918
z5299_68607.gif,919
z5299_68833.gif,920
z5299_7169.gif,921
z5305_22179.gif,922
z5299_8755.gif,923
z5299_9379.gif,924
z5299_9560.gif,925
z5301_1008.gif,926
z5301_1427.gif,927
z5301_1622.gif,928
z5301_1976.gif,929
z5301_2116.gif,930
z5301_2267.gif,931
z5301_2539.gif,932
e5293_18112.gif,933
z5301_3179.gif,934
z5301_325.gif,935
z5301_383.gif,936
z5301_495.gif,937
z5303_1103.gif,938
z5303_1549.gif,939
z5303_1755.gif,940
z5303_2287.gif,941
z5303_2559.gif,942
z5303_3036.gif,943
z5303_3231.gif,944
z5303_3931.gif,945
z5303_398.gif,946
z5303_737.gif,947
z5303_856.gif,948
z5297_6998.gif,949
z5305_10011.gif,950
z5305_10152.gif,951
z5305_10307.gif,952
z5305_10152.gif,953
z5305_10307.gif,954
z5305_10617.gif,955
z5305_10722.gif,956
z5305_11711.gif,957
z5305_11863.gif,958
z5299_53261.gif,959
z5305_12391.gif,960
z5305_12699.gif,961
z5305_12866.gif,961
e5293_18242.gif,962
z5305_15253.gif,963
z5305_15782.gif,964
z5305_16156.gif,965
z5305_1616.gif,966
z5305_16359.gif,967
z5305_1862.gif,968
z5305_2011.gif,969
z5305_2200.gif,970
z5305_2357.gif,971
z5305_2787.gif,972
z5305_2930.gif,973
z5305_4669.gif,974
z5305_4845.gif,975
z5305_5302.gif,976
z5305_5826.gif,977
z5305_5912.gif,978
z5305_6497.gif,979
z5305_6636.gif,980
z5305_7069.gif,981
z5305_7805.gif,982
z5305_8200.gif,983
z5305_8288.gif,984
z5305_856.gif,985
z5305_8590.gif,986
z5293_8046.gif,987
z5305_22806.gif,988
z5305_23491.gif,989
z5293_13623.gif,990
z5305_24287.gif,990
z5305_24474.gif,991
z5305_25406.gif,992
z5305_25684.gif,993
z5305_26923.gif,994
z5293_16938.gif,995
z5305_27758.gif,996
z5305_28206.gif,997
z5305_28572.gif,998
e5293_10961.gif,999
z5305_29492.gif,1000
